id,name,note,total,district,ward,created_at
181,ngọng búp em,"",5,97,98,2020-03-07 17:20:29.229
21,mỡ bò tạ uyên,"",20,144,145,2020-03-05 16:34:03.037
288,lùn hường bến thành cua,"",15,24,25,2020-03-19 17:11:54.482
1525,bảo công bđt,"",10,24,25,2023-07-04 12:02:49.2
48,khén q1,cường 20tr,21,24,25,2020-03-06 13:01:56.798
104,hợp tâm sữa xe,"",7,55,56,2020-03-06 13:01:56.798
113,đen an bình,"",8,55,56,2020-03-06 13:01:56.798
1510,phương cao đạt,"",5,24,25,2023-05-31 12:58:11.52
183,bánh ước p12,"",60,97,2,2020-03-07 17:20:29.229
188,sen hen,tổng 50 tr,20,12,13,2020-03-07 17:20:29.229
165,thầy bình hoà,tổng 89tr,79,97,98,2020-03-07 17:20:29.229
205,sáng lấy,"",0,12,13,2020-03-13 08:15:06.85
315,chưa nhớ tên 1,"",0,97,98,2020-04-02 16:53:15.048
1502,thanh bh,"",1400,24,25,2023-04-29 09:47:51.308
1541,loan hằng bún bò,"",5,24,25,2023-08-11 16:34:36.58
415,phánh tạ quyên,"",6,24,25,2020-05-20 16:34:10.757
444,6 miễu,"",8,24,25,2020-06-06 12:37:57.563
158,tài công chứng,"",1150,24,25,2020-03-07 08:39:13.189
1543,hoài p12,"",100,24,25,2023-08-11 16:34:36.58
696,ý phụng,"",5,24,25,2020-10-17 16:42:07.84
741,chưa nhớ tên 2,"",0,24,25,2020-10-21 11:30:46.847
742,chưa nhớ tên,"",0,24,25,2020-10-21 11:30:46.847
667,tư tqb,tổng 80,2,24,25,2020-10-15 08:50:37.214
783,cháy vân adv,"",5,24,25,2020-11-17 09:04:29.879
1544,thương em minh cúa,"",50,24,25,2023-08-11 16:34:36.58
843,tuấn đồng khởi,"",10,24,25,2020-12-08 09:06:29.322
1504,nhị chim cúc,"",26,24,25,2023-05-03 07:11:39.386
901,thuỷ số 3 củ,"",10,24,25,2021-01-20 17:29:45.569
1519,lợi cúa,"",160,39,40,2023-06-10 12:19:55.175
991,phước tâm vvk,"",6,24,25,2021-04-20 16:30:58.492
992,má hiếu ,"",35,24,25,2021-04-20 16:30:58.492
945,lớn vân phương adv,"",14,24,25,2021-03-09 17:10:34.431
1012,hát bến thành,"",60,24,25,2021-05-01 17:00:16.926
1542,thảo sư vạn hạnh,"",100,24,25,2023-08-11 16:34:36.58
1555,hồng ngọc htq,"",8,24,25,2023-09-10 01:13:10.682
1527,mai công bđt,"",20,24,25,2023-07-04 12:02:49.2
1163,má phước tạ uyên ,tổng 120,10,24,25,2021-11-26 15:58:35.851
1071,nan mập mt8,"",20,24,25,2021-05-25 17:51:59.287
1540,trang cúc,đúng 23,15,24,25,2023-07-23 11:09:18.994
1125,chi nguyễn thông,"",100,24,25,2021-10-19 16:07:00.424
1529,nhân nc thanh,"",8,24,25,2023-07-04 12:02:49.2
1545,hằng bún bò,"",5,24,25,2023-08-11 16:34:36.58
1556,sương tt p12,"",20,24,25,2023-09-10 01:13:10.682
1547,thảo thảo gà,"",10,24,25,2023-08-11 16:34:36.58
1291,vé số chuồn bò,"",3,24,25,2022-05-12 15:24:12.597
1139,thanh l q sung,"",60,24,25,2021-11-06 16:06:39.859
1174,giàu an đông,"",10,24,25,2021-12-08 08:13:45.024
1289,gái trái cây,"",10,24,25,2022-05-12 15:24:12.597
1520,lì tư vịt,"",2,24,25,2023-06-10 12:19:55.175
1500,thuỷ kế loan,"",100,24,25,2023-04-19 07:21:12.487
1238,xuân long xuân,"",7,24,25,2022-03-01 16:52:41.707
1499,phụng liên lbt,"",25,24,25,2023-04-19 07:21:12.487
1277,khánh loan tđx,"",60,24,25,2022-05-12 15:24:12.597
1257,hưng hồ,15 tây,500,24,25,2022-04-02 14:15:55.397
1308,phượng thuỷ hb,"",16,24,25,2022-06-19 09:52:51.092
1490,má say,"",15,24,25,2023-04-03 04:23:18.101
1336,chi cúa,"",750,24,25,2022-07-14 12:26:34.16
1533,quang công bđt,"",10,24,25,2023-07-07 00:57:22.726
1494,minh cúa,310 của 9 20,200,24,25,2023-04-04 23:35:45.629
1340,tuấn tài sè,"",15,24,25,2022-07-14 12:26:34.16
619,dung chủ khải q5,tổng 130,20,24,25,2020-08-29 17:26:04.082
1358,khoai lan,"",5,24,25,2022-08-30 11:54:07.861
1391,trinh một an đông,"",5,24,25,2022-10-21 09:05:00.099
1513,thư trường sa,tổng 2000,50,24,25,2023-05-31 12:58:11.52
1372,hiếu giàu,"",15,24,25,2022-10-03 09:15:56.78
1378,linh bún bò,"",5,24,25,2022-10-03 09:15:56.78
103,ba hoàng q5,"",2,24,25,2020-03-06 13:01:56.798
1376,hù nhà thờ q5,"",10,24,25,2022-10-03 09:15:56.78
1381,hí tươi,"",2,24,25,2022-10-03 09:15:56.78
1115,được p12,"",58,24,25,2021-07-15 15:35:13.382
998,huệ niên an đông,"",6,24,25,2021-04-23 11:39:52.747
1497,liên lãnh binh thăng,"",15,24,25,2023-04-19 07:21:12.487
1233,dung bích bến thành,"",900,24,25,2022-03-01 16:52:41.707
1363,hà ốc,300 ,500,24,25,2022-08-30 11:54:07.861
1398,hạnh an đông,"",45,24,25,2022-11-07 15:14:19.767
1515,linh lưới sắt,"",300,24,25,2023-05-31 12:58:11.52
1424,phúc tạ uyên,"",10,24,25,2023-01-03 08:59:54.159
1406,thảo dung hv,"",70,24,25,2022-11-19 12:11:46.633
1082,tân tiên nt,"",50,24,25,2021-06-01 15:42:30.362
1425,quỳnh điện nước,"",10,24,25,2023-01-09 10:26:05.851
1429,tối lấy,"",0,24,25,2023-01-09 10:26:05.851
1560,vân adv,"",5,24,25,2023-09-10 01:13:10.682
1501,loan thuý cò,"",20,24,25,2023-04-23 23:54:53.52
1157,da ua,"",17,24,25,2021-11-26 15:58:35.851
1393,nam mai hương nt,"",20,24,25,2022-10-24 10:04:43.849
1433,mai lhp,"",30,24,25,2023-02-02 11:53:51.014
1505,bình tạ uyên,"",35,24,25,2023-05-03 07:11:39.386
1409,dì bi,"",25,24,25,2022-11-24 08:06:17.866
1395,hải khắc dấu,"",280,24,25,2022-10-30 16:59:02.796
1530,thầy út ba đình,"",50,24,25,2023-07-04 12:02:49.2
1410,tâm ngọc htq,"",20,24,25,2022-11-24 08:06:17.866
1558,hiền hiếu ntp,"",5,24,25,2023-09-10 01:13:10.682
1562,hải sỹ,"",600,24,25,2023-09-10 01:13:10.682
1435,cường lộc,"",25,24,25,2023-02-02 11:53:51.014
3,cua q6,"",320,24,25,2020-03-05 16:34:03.037
1524,phượng một ađ,"",7,24,25,2023-06-10 12:19:55.175
1434,thảo an điềm,"",13,24,25,2023-02-02 11:53:51.014
1416,loan ba bến thành,"",15,24,25,2022-12-28 08:16:21.368
1445,út 9 gạo,"",3,24,25,2023-02-18 14:38:59.077
1436,lộc bến thành,"",40,24,25,2023-02-02 11:53:51.014
1487,gái ngt,"",15,24,25,2023-04-03 04:23:18.101
1344,hằng ntp,"",10,24,25,2022-08-19 13:02:10.008
1503,thảo thanh phú thọ,130,60,24,25,2023-04-29 09:47:51.308
1521,huỳnh bằng,"",10,24,25,2023-06-10 12:19:55.175
1551,8 lò mì,"",10,39,40,2023-08-11 16:34:36.58
1514,quân má hiếu,"",20,24,25,2023-05-31 12:58:11.52
1241,thuý pnt,"",30,24,25,2022-04-02 12:52:21.787
1507,hằng loan q6,"",50,24,25,2023-05-11 23:26:12.319
1057,liên ba bến thành,có 40 củ tín 100,100,24,25,2021-05-12 17:40:36.309
1215,vinh bà hạt,dúng 75,35,24,25,2022-02-02 13:29:52.41
1377,tài dánh mì,"",700,24,25,2022-10-03 09:15:56.78
1517,mỹ tạ uyên,đúng 50,25,24,25,2023-05-31 12:58:11.52
378,thu phạm hùng tiền nhà,tiền nhà vào ngày 24 tây,1550,39,40,2020-05-07 16:33:22.149
251,hồng liên p14,"",400,24,25,2020-03-19 10:57:06.293
1422,trúc ngọc htq,"",100,24,25,2023-01-02 02:24:24.999
1523,huy ngọc htq,"",30,24,25,2023-06-10 12:19:55.175
1532,nga quân má hiếu,"",20,24,25,2023-07-04 12:02:49.2
1534,kim quân má hiếu,"",20,24,25,2023-07-09 11:30:30.822
1450,một an đông,"",10,24,25,2023-03-11 16:36:46.228
1485,giang hmđ,"",55,24,25,2023-04-03 04:23:18.101
1535,phụng lê lợi,"",25,24,25,2023-07-09 11:30:30.822
1451,tâm sánh ky,"",20,24,25,2023-03-15 23:43:14.59
1013,hiền nước ép q4,"",18,24,25,2021-05-01 17:00:16.926
254,an bến thành,có lùn 10 tổng 90,60,24,25,2020-03-19 10:57:06.293
1554,vân công bđt,"",10,24,2,2023-08-13 16:12:59.041
1552,hồng ngt,"",15,24,25,2023-08-11 16:34:36.58
1557,dũng hiếu ntp,"",5,24,25,2023-09-10 01:13:10.682
1559,truyết mai bđt,"",10,24,25,2023-09-10 01:13:10.682
1203,thảo gà đt,tổng 180,100,39,40,2022-01-13 01:51:05.047
1371,thuý ái trần đình xu,"",30,39,40,2022-10-03 09:15:56.78
1394,hà nga adv,tổng 500t,10,24,25,2022-10-30 16:59:02.796
176,chị trâm,chị thiếu tổng 360 cho 70 còn 290,210,24,25,2020-03-07 17:20:29.229
798,hiếu nguyễn tri phương,"",9,24,25,2020-11-21 16:31:11.541
1536,nhàn bình tân,"",20,24,25,2023-07-09 11:30:30.822
1538,bán xôi bđt,"",10,24,25,2023-07-17 01:00:45.109
1546,trang an bến thành,"",5,24,25,2023-08-11 16:34:36.58
1539,phúc tuyền,"",100,24,25,2023-07-23 11:09:18.994
1548,tố anh một a đ,"",20,24,25,2023-08-11 16:34:36.58
1549,ái tđx,tổng 35,10,24,25,2023-08-11 16:34:36.58
1553,cường q12,"",100,24,25,2023-08-11 16:34:36.58
1550,tiên hà ốc,"",25,24,25,2023-08-11 16:34:36.58
1417,lan te,960 tiền cọc bán nhà,440,39,40,2022-12-28 08:16:21.368
1561,phụng ngọc htq,"",50,24,25,2023-09-10 01:13:10.682
1563,rinh hát bt,"",5,24,25,2023-09-10 01:13:10.682
